real_name,dv_0,dv_1,dv_10,dv_11,dv_12,dv_13,dv_14,dv_15,dv_16,dv_17,dv_18,dv_19,dv_2,dv_20,dv_21,dv_22,dv_23,dv_24,dv_25,dv_26,dv_27,dv_28,dv_29,dv_3,dv_4,dv_5,dv_6,dv_7,dv_8,dv_9,obj2_add_par,obj1_add_par
gen=1_member=170_pso,0.936716,0.931883,0.702042,0.089013,0,0.562574,0,0.0509043,0.669094,0.717242,0.312788,0.10122,0,0,1,0.350371,0.39913,0,0.335584,0.478123,0,0.676633,0.0831095,1,0.60805,0.747399,0,0.142931,0,0.0351343,0,0
gen=1_member=157_pso,0,0.425642,0,0,0.229816,0.539882,0.447149,0.379008,0.240952,0.512036,0.258125,0,0.618506,0.145247,0.552185,0.150483,0.902847,0.993597,0.448806,0.435344,0.516731,0.153871,0,0,0,0.051293,0.478791,1,0.464041,0.105433,0,0
gen=1_member=192_pso,0.407076,0.508144,0.428778,0,0,0.0586336,0.625018,0.122325,0.221956,0.683823,0.146371,0,0.447793,0.641771,0,0.412937,0.828521,0.342292,0.0355244,0.0207001,0.205839,0,0.734623,0.0851888,0,0.221253,0.759071,0.818625,0.604364,1,0,0
gen=1_member=166_pso,0.200267,0,0.296151,0.633052,0,0,0.623828,0.446547,0,0.312868,0.376823,0.793041,0,0.748146,0,0.493091,0,0.18349,0.460666,0.359821,0.844506,0,0.269066,0.630972,0.375533,0.294795,1,0.517729,0.391104,0.00917038,0,0
gen=0_member=71,0.139584,0.169898,0.19651,0.30079,0.780133,0.352201,0.0764279,0.450603,0.495107,0.2885,0.0754255,0.871695,0.321616,0.0470144,0.940096,0.396433,0.0640209,0.298321,0.464591,0.307614,0.087036,0.0203629,0.855762,0.761159,0.920476,0.911717,0.174306,0.335969,0.842779,0.105577,0,0
gen=1_member=120_pso,0.199497,0.00494905,0,0.41557,0.390184,0.913589,0.542773,0.57216,0.190065,0.471872,0.72829,0,0.311342,0,0.14164,0.418306,0.349179,0.68911,0.507438,0,0.355925,0.825174,1,0.026633,0.344226,0.289713,0,0,0.452578,0.330874,0,0
gen=1_member=162_pso,0.578028,0,0,0.581081,0.144816,0.0480707,0.685472,1,0,0.0158213,1,0.232288,0.731103,0.35027,0,0,0.529095,0.791559,0.824591,0.423289,0.0790278,0.654461,1,0.15609,0,0.260486,0,0,0,0,0,0
gen=1_member=128_pso,0.108644,0.344219,1,1,0.422401,0.719733,0,1,0,0.320026,0.530078,0,0.664471,0.106255,0.338601,0.546054,0.170815,0,0,0.204147,0.331602,0.60659,0.296511,0.542936,0,0.250642,0.367007,0.910698,0.591905,0.599064,0,0
gen=1_member=199_pso,0.0525723,0.244083,1,0.0808548,0.607975,0,0.20964,0.0325805,0.739931,0.995486,0,0.193576,0.618385,0.104711,0.370905,0.75789,0.797635,0.472537,0.850861,0.354299,0.254336,0.205143,0.219068,0.154711,0.348955,0,0.814062,0.0272932,0.8959,0,0,0
